hii,2025-03-05 14:06:43
hii,2025-03-05 14:11:03
hii,2025-03-05 14:19:03
hii,2025-03-05 14:23:24
hii,2025-03-05 14:28:42
hii,2025-03-05 14:31:28
hii,2025-03-05 14:33:10
trump,2025-03-05 14:47:43
hii,2025-03-05 14:49:00
hii,2025-03-05 14:49:32
hardik,2025-03-05 15:02:09
hardik,2025-03-05 20:59:04
hardik,2025-03-05 21:04:47
hardik,2025-03-05 21:20:27
hardik,2025-03-06 11:56:37
hardik,2025-03-06 11:57:13
hardik,2025-03-06 11:57:46
modi,2025-03-06 14:28:01
hardik,2025-03-06 14:28:56
hardik,2025-03-07 21:56:06
hardik,2025-03-09 11:48:54
trump,2025-03-25 14:10:13
trump,2025-03-28 20:10:22
